{"GHZ": {"5": {"psql": {"time": null, "memory": null, "non-zero": null}, "sqlite": {"runs": 2, "time": [4.916702164337039e-05, 3.883300814777613e-05], "memory": [382, 166], "non-zero": 2}, "ducksql": {"time": null, "memory": null, "non-zero": null}, "np-one-shot": {"runs": 2, "time": [0.0012335830251686275, 0.0010639579850248992], "memory": [11320, 10520], "iterations": [810.6466930860229, 939.8867380807312], "non-zero": 2}, "np-mps": {"runs": 2, "time": [0.00039954198291525245, 0.0002014579949900508], "memory": [5938, 5242], "iterations": [2502.865888344234, 4963.813920859215], "non-zero": 10, "n_elem": 32}, "eqc": {"tensor": {"memory": [4564, 2425], "time": [0.0008256669971160591, 0.0007039170013740659]}, "contraction": {"memory": [11264, 10888], "time": [0.0021224580123089254, 0.0020057499641552567]}}}, "6": {"psql": {"time": null, "memory": null, "non-zero": null}, "sqlite": {"runs": 2, "time": [5.1291019190102816e-05, 4.387501394376159e-05], "memory": [398, 166], "non-zero": 2}, "ducksql": {"time": null, "memory": null, "non-zero": null}, "np-one-shot": {"runs": 2, "time": [0.0013776670093648136, 0.0012207080144435167], "memory": [215788, 11960], "iterations": [725.8648085512765, 819.1967187631428], "non-zero": 2}, "np-mps": {"runs": 2, "time": [0.0003457920392975211, 0.00022366701159626245], "memory": [6146, 5626], "iterations": [2891.9115721446533, 4470.932002279725], "non-zero": 12, "n_elem": 40}, "eqc": {"tensor": {"memory": [2937, 2425], "time": [0.0007131670136004686, 0.0006916249985806644]}, "contraction": {"memory": [12852, 12468], "time": [0.0025358329876326025, 0.002417874988168478]}}}, "7": {"psql": {"time": null, "memory": null, "non-zero": null}, "sqlite": {"runs": 2, "time": [6.504199700430036e-05, 5.52500132471323e-05], "memory": [414, 166], "non-zero": 2}, "ducksql": {"time": null, "memory": null, "non-zero": null}, "np-one-shot": {"runs": 2, "time": [0.0016611249884590507, 0.0014913330087438226], "memory": [214358, 14948], "iterations": [602.0016596870619, 670.5410489387066], "non-zero": 2}, "np-mps": {"runs": 2, "time": [0.00045966700417920947, 0.0002929579932242632], "memory": [6530, 6010], "iterations": [2175.487887771322, 3413.4586634558455], "non-zero": 14, "n_elem": 48}, "eqc": {"tensor": {"memory": [2937, 2425], "time": [0.0008449580054730177, 0.0007012080168351531]}, "contraction": {"memory": [14993, 14121], "time": [0.0030587500077672303, 0.002966166997794062]}}}, "8": {"psql": {"time": null, "memory": null, "non-zero": null}, "sqlite": {"runs": 2, "time": [7.629097672179341e-05, 6.524997297674417e-05], "memory": [430, 166], "non-zero": 2}, "ducksql": {"time": null, "memory": null, "non-zero": null}, "np-one-shot": {"runs": 2, "time": [0.0020145000307820737, 0.001683833950664848], "memory": [212884, 17023], "iterations": [496.4010844972674, 593.8827873170975], "non-zero": 2}, "np-mps": {"runs": 2, "time": [0.0004890839918516576, 0.000303708016872406], "memory": [6906, 6386], "iterations": [2044.6385828618706, 3292.636165149768], "non-zero": 16, "n_elem": 56}, "eqc": {"tensor": {"memory": [2937, 2425], "time": [0.0007691250066272914, 0.0007031249697320163]}, "contraction": {"memory": [17200, 16272], "time": [0.003696667030453682, 0.0035145420115441084]}}}, "9": {"psql": {"time": null, "memory": null, "non-zero": null}, "sqlite": {"runs": 2, "time": [8.50000069476664e-05, 7.354200351983309e-05], "memory": [446, 166], "non-zero": 2}, "ducksql": {"time": null, "memory": null, "non-zero": null}, "np-one-shot": {"runs": 2, "time": [0.002142291981726885, 0.001951333018951118], "memory": [200206, 22419], "iterations": [466.7897786714899, 512.4701884753227], "non-zero": 2}, "np-mps": {"runs": 2, "time": [0.000585583969950676, 0.0003677499480545521], "memory": [7354, 6834], "iterations": [1707.6970192408623, 2719.2389972864385], "non-zero": 18, "n_elem": 64}, "eqc": {"tensor": {"memory": [2937, 2425], "time": [0.0008808749844320118, 0.0007376249996013939]}, "contraction": {"memory": [20912, 19928], "time": [0.00421116704819724, 0.0042080829734914005]}}}}, "W": {"5": {"psql": {"time": null, "memory": null, "non-zero": null}, "sqlite": {"runs": 2, "time": [7.866695523262024e-05, 7.624999852851033e-05], "memory": [846, 174], "non-zero": 5}, "ducksql": {"time": null, "memory": null, "non-zero": null}, "np-one-shot": {"runs": 2, "time": [0.0016952499863691628, 0.0015010840143077075], "memory": [218446, 14253], "iterations": [589.883502752164, 666.1852304524041], "non-zero": 5}, "np-mps": {"runs": 2, "time": [0.00048579199938103557, 0.00033166701905429363], "memory": [5802, 5250], "iterations": [2058.4941729673083, 3015.0721734448393], "non-zero": 25, "n_elem": 26}, "eqc": {"tensor": {"memory": [4648, 4136], "time": [0.0024264169624075294, 0.0022735839593224227]}, "contraction": {"memory": [16361, 15569], "time": [0.0030660409829579294, 0.0030348330037668347]}}}, "6": {"psql": {"time": null, "memory": null, "non-zero": null}, "sqlite": {"runs": 2, "time": [9.708304423838854e-05, 8.466700091958046e-05], "memory": [1038, 174], "non-zero": 6}, "ducksql": {"time": null, "memory": null, "non-zero": null}, "np-one-shot": {"runs": 2, "time": [0.0020832500304095447, 0.0018227089894935489], "memory": [212615, 16375], "iterations": [480.0191937611112, 548.6339321110477], "non-zero": 6}, "np-mps": {"runs": 2, "time": [0.0005980420392006636, 0.00039537495467811823], "memory": [6186, 5634], "iterations": [1672.1232529682848, 2529.244678166622], "non-zero": 33, "n_elem": 34}, "eqc": {"tensor": {"memory": [5017, 4505], "time": [0.002965790976304561, 0.0027884580194950104]}, "contraction": {"memory": [20010, 19202], "time": [0.003969249955844134, 0.0038521249662153423]}}}, "7": {"psql": {"time": null, "memory": null, "non-zero": null}, "sqlite": {"runs": 2, "time": [0.00011758401524275541, 0.00010458397446200252], "memory": [1246, 174], "non-zero": 7}, "ducksql": {"time": null, "memory": null, "non-zero": null}, "np-one-shot": {"runs": 2, "time": [0.002474832988809794, 0.0022050829720683396], "memory": [208618, 18670], "iterations": [404.0676702313249, 453.4976745396627], "non-zero": 7}, "np-mps": {"runs": 2, "time": [0.0006921659805811942, 0.0004776249988935888], "memory": [6562, 6010], "iterations": [1444.7401751243617, 2093.6927554388594], "non-zero": 41, "n_elem": 42}, "eqc": {"tensor": {"memory": [5388, 4876], "time": [0.003411000012420118, 0.003198124992195517]}, "contraction": {"memory": [23154, 22234], "time": [0.00471466698218137, 0.004576167033519596]}}}, "8": {"psql": {"time": null, "memory": null, "non-zero": null}, "sqlite": {"runs": 2, "time": [0.00014666595961898565, 0.0001242909929715097], "memory": [1470, 174], "non-zero": 8}, "ducksql": {"time": null, "memory": null, "non-zero": null}, "np-one-shot": {"runs": 2, "time": [0.002954374998807907, 0.00248208298580721], "memory": [216233, 20761], "iterations": [338.48106635193597, 402.88741581892964], "non-zero": 8}, "np-mps": {"runs": 2, "time": [0.000784000032581389, 0.000546917028259486], "memory": [6946, 6394], "iterations": [1275.510151074117, 1828.4309105942627], "non-zero": 49, "n_elem": 50}, "eqc": {"tensor": {"memory": [5759, 5247], "time": [0.0038901250227354467, 0.0037141250213608146]}, "contraction": {"memory": [26457, 24809], "time": [0.005492791999131441, 0.005309375002980232]}}}, "9": {"psql": {"time": null, "memory": null, "non-zero": null}, "sqlite": {"runs": 2, "time": [0.00016362499445676804, 0.00014474999625235796], "memory": [1774, 238], "non-zero": 9}, "ducksql": {"time": null, "memory": null, "non-zero": null}, "np-one-shot": {"runs": 2, "time": [0.0032096250215545297, 0.0029336659936234355], "memory": [202639, 25975], "iterations": [311.56287519084276, 340.87043384406485], "non-zero": 9}, "np-mps": {"runs": 2, "time": [0.0008856249623931944, 0.0006471660453826189], "memory": [7394, 6842], "iterations": [1129.1461312221077, 1545.1984960193297], "non-zero": 57, "n_elem": 58}, "eqc": {"tensor": {"memory": [6130, 5618],